Date,Actual Closing Price,Forecast Closing Price
2017-12-08,248500,195972
2017-12-11,235000,247144
2017-12-12,235000,234734
2017-12-13,234000,234734
2017-12-14,236500,233806
2017-12-15,238000,236123
2017-12-18,227000,237510
2017-12-19,225500,227283
2017-12-20,220500,225879
2017-12-21,219500,221183
2017-12-22,219000,220241
2017-12-26,212500,219769
2017-12-27,210000,213624
2017-12-28,210500,211252
2018-01-02,202500,211726
2018-01-03,200500,204108
2018-01-04,200000,202197
2018-01-05,199000,201719
2018-01-08,206000,200763
2018-01-09,210500,207446
2018-01-10,208500,211726
2018-01-11,201500,209826
2018-01-12,206000,203153
2018-01-15,210000,207446
2018-01-16,218000,211252
2018-01-17,221000,218826
2018-01-18,215000,221653
2018-01-19,209000,215992
2018-01-22,214000,210301
2018-01-23,219000,215045
2018-01-24,218500,219769
2018-01-25,220000,219298
2018-01-26,227000,220712
2018-01-29,217500,227283
2018-01-30,220000,218354
2018-01-31,218000,220712
2018-02-01,214000,218826
2018-02-02,212000,215045
2018-02-05,209500,213150
2018-02-06,206500,210776
2018-02-07,206000,207923
2018-02-08,210500,207446
2018-02-09,210500,211726
2018-02-12,199000,211726
2018-02-13,187000,200763
2018-02-14,188000,189247
2018-02-19,186000,190209
2018-02-20,187000,188285
2018-02-21,178000,189247
2018-02-22,178000,180577
2018-02-23,172000,180577
2018-02-26,170000,174788
2018-02-27,174000,172857
2018-02-28,169000,176718
2018-03-02,167000,171892
2018-03-05,161500,169961
2018-03-06,157000,164652
2018-03-07,158500,160310
2018-03-08,163500,161757
2018-03-09,167500,166582
2018-03-12,168500,170444
2018-03-13,164500,171409
2018-03-14,167500,167548
2018-03-15,169500,170444
2018-03-16,164000,172375
2018-03-19,162500,167065
2018-03-20,163000,165617
2018-03-21,165500,166100
2018-03-22,161500,168513
2018-03-23,155500,164652
2018-03-26,155000,158863
2018-03-27,154500,158381
2018-03-28,152500,157899
2018-03-29,169000,155971
2018-03-30,169500,171892
2018-04-02,179000,172375
2018-04-03,176500,181541
2018-04-04,171500,179130
2018-04-05,174500,174305
2018-04-06,186500,177201
2018-04-09,178000,188766
2018-04-10,179000,180577
2018-04-11,179000,181541
2018-04-12,176500,181541
2018-04-13,175000,179130
2018-04-16,174500,177683
2018-04-17,177500,177201
2018-04-18,171500,180095
2018-04-19,177000,174305
2018-04-20,186500,179613
2018-04-23,181500,188766
2018-04-24,185500,183951
2018-04-25,182500,187804
2018-04-26,179000,184915
2018-04-27,191000,181541
2018-04-30,206500,193093
2018-05-02,200000,207923
2018-05-03,199000,201719
2018-05-04,200000,200763
2018-05-08,200500,201719
2018-05-09,204500,202197
2018-05-10,196500,206017
2018-05-11,191500,198369
2018-05-14,189000,193573
2018-05-15,186000,191171
2018-05-16,181500,188285
2018-05-17,186500,183951
2018-05-18,185500,188766
2018-05-21,179000,187804
2018-05-23,187000,181541
2018-05-24,185500,189247
2018-05-25,180000,187804
2018-05-28,183500,182505
2018-05-29,177500,185878
2018-05-30,182500,180095
2018-05-31,184500,184915
2018-06-01,188000,186841
2018-06-04,182500,190209
2018-06-05,193500,184915
2018-06-07,196000,195493
2018-06-08,195500,197890
2018-06-11,203500,197411
2018-06-12,199000,205063
2018-06-14,192500,200763
2018-06-15,201000,194533
2018-06-18,209000,202675
2018-06-19,196000,210301
2018-06-20,192000,197890
2018-06-21,195500,194053
2018-06-22,197500,197411
2018-06-25,197000,199327
2018-06-26,188500,198848
2018-06-27,197000,190690
2018-06-28,195000,198848
2018-06-29,187500,196931
2018-07-02,179000,189728
2018-07-03,182000,181541
2018-07-04,176500,184433
2018-07-05,178500,179130
2018-07-06,178500,181059
2018-07-09,179000,181059
2018-07-10,177500,181541
2018-07-11,178500,180095
2018-07-12,179500,181059
2018-07-13,165500,182023
2018-07-16,170000,168513
2018-07-17,163000,172857
2018-07-18,159000,166100
2018-07-19,149500,162239
2018-07-20,150500,153081
2018-07-23,157500,154044
2018-07-24,161000,160792
2018-07-25,165000,164169
2018-07-26,164000,168030
2018-07-27,164500,167065
2018-07-30,169000,167548
2018-07-31,166500,171892
2018-08-01,165500,169478
2018-08-02,164500,168513
2018-08-03,168000,167548
2018-08-06,167500,170927
2018-08-07,166000,170444
2018-08-08,169500,168996
2018-08-09,171500,172375
2018-08-10,166500,174305
2018-08-13,162500,169478
2018-08-14,161000,165617
2018-08-16,161500,164169
2018-08-17,165500,164652
2018-08-20,165000,168513
2018-08-21,161000,168030
2018-08-22,159000,164169
2018-08-23,159000,162239
2018-08-24,166500,162239
2018-08-27,180000,169478
2018-08-28,176500,182505
2018-08-29,170000,179130
2018-08-30,171500,172857
2018-08-31,175500,174305
2018-09-03,174500,178165
2018-09-04,176000,177201
2018-09-05,172500,178648
2018-09-06,181500,175270
2018-09-07,191000,183951
2018-09-10,194500,193093
2018-09-11,193500,196452
2018-09-12,198500,195493
2018-09-13,197500,200284
2018-09-14,195000,199327
2018-09-17,195500,196931
2018-09-18,198000,197411
2018-09-19,195000,199806
2018-09-20,201000,196931
2018-09-21,212500,202675
2018-09-27,205500,213624
2018-09-28,195000,206970
2018-10-01,195000,196931
2018-10-02,198000,196931
2018-10-04,200000,199806
2018-10-05,201000,201719
2018-10-08,210000,202675
2018-10-10,205000,211252
2018-10-11,198000,206493
2018-10-12,195500,199806
2018-10-15,198500,197411
2018-10-16,200500,200284
2018-10-17,198500,202197
2018-10-18,195500,200284
2018-10-19,194500,197411
2018-10-22,191500,196452
2018-10-23,196500,193573
2018-10-24,185500,198369
2018-10-25,176500,187804
2018-10-26,177500,179130
2018-10-29,176000,180095
2018-10-30,168500,178648
2018-10-31,173500,171409
2018-11-01,175500,176236
2018-11-02,170500,178165
2018-11-05,170000,173340
2018-11-06,167000,172857
2018-11-07,171500,169961
2018-11-08,170500,174305
2018-11-09,167000,173340
2018-11-12,166000,169961
2018-11-13,169000,168996
2018-11-14,172000,171892
2018-11-15,169500,174788
2018-11-16,177500,172375
2018-11-19,180500,180095
2018-11-20,182000,182987
2018-11-21,189500,184433
2018-11-22,183000,191651
2018-11-23,192000,185396
2018-11-26,194500,194053
2018-11-27,196500,196452
2018-11-28,193000,198369
2018-11-29,194500,195013
2018-11-30,192000,196452
2018-12-03,190500,194053
2018-12-04,190500,192612
2018-12-05,197000,192612
2018-12-06,194000,198848
2018-12-07,195000,195972
2018-12-10,201000,196931
2018-12-11,201000,202675
2018-12-12,204000,202675
2018-12-13,206000,205540
2018-12-14,208000,207446
2018-12-17,202000,209350
2018-12-18,211000,203631
2018-12-19,212500,212201
2018-12-20,218000,213624
2018-12-21,210500,218826
2018-12-24,210000,211726
2018-12-26,203000,211252
2018-12-27,204000,204586
2018-12-28,205500,205540
2019-01-02,209500,206970
2019-01-03,214000,210776
2019-01-04,207500,215045
2019-01-07,205500,208875
2019-01-08,209000,206970
2019-01-09,189500,210301
2019-01-10,188500,191651
2019-01-11,186500,190690
2019-01-14,184500,188766
2019-01-15,185500,186841
2019-01-16,184500,187804
2019-01-17,183000,186841
2019-01-18,186000,185396
2019-01-21,183500,188285
2019-01-22,184500,185878
2019-01-23,180500,186841
2019-01-24,187500,182987
2019-01-25,186500,189728
2019-01-28,187500,188766
2019-01-29,184500,189728
2019-01-30,184000,186841
2019-01-31,182500,186360
2019-02-01,184500,184915
2019-02-07,185000,186841
2019-02-08,182500,187322
2019-02-11,185500,184915
2019-02-12,195500,187804
2019-02-13,194000,197411
2019-02-14,194000,195972
2019-02-15,201000,195972
2019-02-18,195000,202675
2019-02-19,205500,196931
2019-02-20,208000,206970
2019-02-21,208000,209350
2019-02-22,218000,209350
2019-02-25,215000,218826
2019-02-26,215000,215992
2019-02-27,213000,215992
2019-02-28,210500,214098
2019-03-04,209000,211726
2019-03-05,205500,210301
2019-03-06,206000,206970
2019-03-07,204000,207446
2019-03-08,206000,205540
2019-03-11,201500,207446
2019-03-12,203500,203153
2019-03-13,207000,205063
2019-03-14,215000,208399
2019-03-15,213500,215992
2019-03-18,216000,214572
2019-03-19,219500,216937
2019-03-20,215000,220241
2019-03-21,214000,215992
2019-03-22,213000,215045
2019-03-25,215000,214098
2019-03-26,213000,215992
2019-03-27,217500,214098
2019-03-28,218500,218354
2019-03-29,211000,219298
2019-04-01,213000,212201
2019-04-02,213500,214098
2019-04-03,218500,214572
2019-04-04,218000,219298
2019-04-05,217000,218826
2019-04-08,220000,217882
2019-04-09,224500,220712
2019-04-10,223000,224941
2019-04-11,225500,223534
2019-04-12,227500,225879
2019-04-15,232500,227750
2019-04-16,232000,232412
2019-04-17,232000,231947
2019-04-18,230500,231947
2019-04-19,227500,230551
2019-04-22,226500,227750
2019-04-23,224000,226815
2019-04-24,222000,224472
2019-04-25,215000,222594
2019-04-26,216000,215992
2019-04-29,218500,216937
2019-04-30,216500,219298
2019-05-02,211500,217410
2019-05-03,213000,212676
2019-05-07,215000,214098
2019-05-08,207000,215992
2019-05-09,204500,208399
2019-05-10,201000,206017
2019-05-13,205000,202675
2019-05-14,203000,206493
2019-05-15,202000,204586
2019-05-16,200500,203631
2019-05-17,197000,202197
2019-05-20,200000,198848
2019-05-21,203500,201719
2019-05-22,202000,205063
2019-05-23,198000,203631
2019-05-24,200000,199806
2019-05-27,200500,201719
2019-05-28,190500,202197
2019-05-29,186500,192612
2019-05-30,186500,188766
2019-05-31,185500,188766
2019-06-03,188500,187804
2019-06-04,190000,190690
2019-06-05,187500,192132
2019-06-07,195000,189728
2019-06-10,194000,196931
2019-06-11,195000,195972
2019-06-12,193500,196931
2019-06-13,202500,195493
2019-06-14,200500,204108
2019-06-17,203000,202197
2019-06-18,199500,204586
2019-06-19,200000,201241
2019-06-20,203000,201719
2019-06-21,198000,204586
2019-06-24,192000,199806
2019-06-25,194000,194053
2019-06-26,206500,195972
2019-06-27,211000,207923
2019-06-28,206500,212201
2019-07-01,206500,207923
2019-07-02,200000,207923
2019-07-03,195000,201719
2019-07-04,198000,196931
2019-07-05,192000,199806
2019-07-08,193500,194053
2019-07-09,188500,195493
2019-07-10,192500,190690
2019-07-11,194500,194533
2019-07-12,192000,196452
2019-07-15,199500,194053
2019-07-16,203500,201241
2019-07-17,203500,205063
2019-07-18,208000,205063
2019-07-19,199500,209350
2019-07-22,204500,201241
2019-07-23,206500,206017
2019-07-24,202000,207923
2019-07-25,201500,203631
2019-07-26,202000,203153
2019-07-29,206500,203631
2019-07-30,204500,207923
2019-07-31,215500,206017
2019-08-01,213500,216465
2019-08-02,215000,214572
2019-08-05,215000,215992
2019-08-06,208500,215992
2019-08-07,213500,209826
2019-08-08,204000,214572
2019-08-09,208000,205540
2019-08-12,206500,209350
2019-08-13,207000,207923
2019-08-14,206000,208399
2019-08-16,208000,207446
2019-08-19,200500,209350
2019-08-20,195500,202197
2019-08-21,196500,197411
2019-08-22,195500,198369
2019-08-23,199000,197411
2019-08-26,200000,200763
2019-08-27,196000,201719
2019-08-28,196500,197890
2019-08-29,203500,198369
2019-08-30,204000,205063
2019-09-02,207000,205540
2019-09-03,207500,208399
2019-09-04,202500,208875
2019-09-05,199500,204108
2019-09-06,198500,201241
2019-09-09,199000,200284
2019-09-10,201500,200763
2019-09-11,204500,203153
2019-09-16,201500,206017
2019-09-17,201500,203153
2019-09-18,201500,203153
2019-09-19,200000,203153
2019-09-20,194000,201719
2019-09-23,195500,195972
2019-09-24,197000,197411
2019-09-25,197000,198848
2019-09-26,192000,198848
2019-09-27,197000,194053
2019-09-30,197000,198848
2019-10-01,190500,198848
2019-10-02,189000,192612
2019-10-04,187500,191171
2019-10-07,193500,189728
2019-10-08,191500,195493
2019-10-10,192500,193573
2019-10-11,195500,194533
2019-10-14,195500,197411
2019-10-15,191500,197411
2019-10-16,194500,193573
2019-10-17,192500,196452
2019-10-18,190500,194533
2019-10-21,194000,192612
2019-10-22,190500,195972
2019-10-23,188000,192612
2019-10-24,192000,190209
2019-10-25,187500,194053
2019-10-28,185000,189728
2019-10-29,183500,187322
2019-10-30,178000,185878
2019-10-31,179500,180577
2019-11-01,187000,182023
2019-11-04,188500,189247
2019-11-05,186000,190690
2019-11-06,189500,188285
2019-11-07,182000,191651
2019-11-08,182000,184433
2019-11-11,182500,184433
2019-11-12,180500,184915
2019-11-13,181000,182987
2019-11-14,183000,183469
2019-11-15,182500,185396
2019-11-18,180000,184915
2019-11-19,178000,182505
2019-11-20,172000,180577
2019-11-21,173500,174788
2019-11-22,173000,176236
2019-11-25,169500,175753
2019-11-26,171000,172375
2019-11-27,170000,173823
2019-11-28,168000,172857
2019-11-29,169000,170927
2019-12-02,166500,171892
2019-12-03,167000,169478
2019-12-04,164000,169961
2019-12-05,163500,167065
2019-12-06,160000,166582
2019-12-09,163000,163204
2019-12-10,159500,166100
2019-12-11,159000,162722
2019-12-12,161000,162239
2019-12-13,161500,164169
2019-12-16,160000,164652
2019-12-17,161000,163204
2019-12-18,163500,164169
2019-12-19,163000,166582
2019-12-20,165500,166100
2019-12-23,165500,168513
2019-12-24,165500,168513
2019-12-26,168500,168513
2019-12-27,169500,171409
2019-12-30,168500,172375
2020-01-02,169000,171409
2020-01-03,166500,171892
2020-01-06,169500,169478
2020-01-07,169500,172375
2020-01-08,166500,172375
2020-01-09,163000,169478
2020-01-10,168000,166100
2020-01-13,170500,170927
2020-01-14,169500,173340
2020-01-15,171000,172375
2020-01-16,171000,173823
2020-01-17,171000,173823
2020-01-20,171500,173823
2020-01-21,174000,174305
2020-01-22,174000,176718
2020-01-23,172000,176718
2020-01-28,168000,174788
2020-01-29,171000,170927
2020-01-30,165000,173823
2020-01-31,166000,168030
2020-02-03,161500,168996
2020-02-04,160000,164652
2020-02-05,164500,163204
2020-02-06,161500,167548
2020-02-07,158000,164652
2020-02-10,160000,161275
2020-02-11,163000,163204
2020-02-12,164500,166100
2020-02-13,169000,167548
2020-02-14,169000,171892
2020-02-17,168000,171892
2020-02-18,164500,170927
2020-02-19,163500,167548
2020-02-20,164000,166582
2020-02-21,160500,167065
2020-02-24,158500,163687
2020-02-25,156000,161757
2020-02-26,156500,159345
2020-02-27,151500,159828
2020-02-28,150000,155008
2020-03-02,155000,153563
2020-03-03,160500,158381
2020-03-04,163000,163687
2020-03-05,158000,166100
2020-03-06,154000,161275
2020-03-09,149500,157417
2020-03-10,149500,153081
2020-03-11,142000,153081
2020-03-12,136000,145869
2020-03-13,134000,140115
2020-03-16,129000,138201
2020-03-17,120000,133425
2020-03-18,109000,124866
2020-03-19,121500,114485
2020-03-20,116000,126289
2020-03-23,122000,121080
2020-03-24,122500,126764
2020-03-25,121000,127238
2020-03-26,118500,125815
2020-03-27,121000,123445
2020-03-30,132000,125815
2020-03-31,127500,136289
2020-04-01,129500,131995
2020-04-02,130500,133902
2020-04-03,145000,134856
2020-04-06,148500,148752
2020-04-07,148000,152119
2020-04-08,149000,151638
2020-04-09,148000,152600
2020-04-10,139000,151638
2020-04-13,146500,142990
2020-04-14,147000,150194
2020-04-16,151000,150675
2020-04-17,145500,154526
2020-04-20,143000,149232
2020-04-21,146500,146830
2020-04-22,151500,150194
2020-04-23,148500,155008
2020-04-24,158500,152119
2020-04-27,159000,161757
2020-04-28,158000,162239
2020-04-29,153500,161275
2020-05-04,159500,156935
2020-05-06,160500,162722
2020-05-07,150500,163687
2020-05-08,150000,154044
2020-05-11,149000,153563
2020-05-12,151500,152600
2020-05-13,156000,155008
2020-05-14,158000,159345
2020-05-15,158500,161275
2020-05-18,161000,161757
2020-05-19,157500,164169
2020-05-20,158500,160792
2020-05-21,155500,161757
2020-05-22,157000,158863
2020-05-25,156500,160310
2020-05-26,157000,159828
2020-05-27,155500,160310
2020-05-28,167000,158863
2020-05-29,162000,169961
2020-06-01,159500,165134
2020-06-02,157500,162722
2020-06-03,154500,160792
2020-06-04,154500,157899
2020-06-05,151500,157899
2020-06-08,151000,155008
2020-06-09,150000,154526
2020-06-10,149500,153563
2020-06-11,143500,153081
2020-06-12,136500,147310
2020-06-15,141500,140594
2020-06-16,141000,145389
2020-06-17,139500,144909
2020-06-18,140000,143470
2020-06-19,138000,143949
2020-06-22,137000,142031
2020-06-23,137000,141073
2020-06-24,135000,141073
2020-06-25,136000,139158
2020-06-26,137500,140115
2020-06-29,139000,141552
2020-06-30,138500,142990
2020-07-01,138000,142511
2020-07-02,142500,142031
2020-07-03,142500,146349
2020-07-06,141000,146349
2020-07-07,137500,144909
2020-07-08,135500,141552
2020-07-09,129500,139637
2020-07-10,128500,133902
2020-07-13,126500,132948
2020-07-14,129000,131042
2020-07-15,128000,133425
2020-07-16,129000,132471
2020-07-17,127500,133425
2020-07-20,127000,131995
2020-07-21,128500,131519
2020-07-22,127000,132948
2020-07-23,128000,131519
2020-07-24,127000,132471
2020-07-27,126000,131519
2020-07-28,124500,130566
2020-07-29,125000,129139
2020-07-30,124500,129615
2020-07-31,121500,129139
2020-08-03,122000,126289
2020-08-04,123500,126764
2020-08-05,126000,128188
2020-08-06,129500,130566
2020-08-07,132500,133902
2020-08-10,133000,136767
2020-08-11,134000,137245
2020-08-12,132500,138201
2020-08-13,133000,136767
2020-08-14,129000,137245
2020-08-18,126500,133425
2020-08-19,123500,131042
2020-08-20,122500,128188
2020-08-21,126000,127238
2020-08-24,126000,130566
2020-08-25,124500,130566
2020-08-26,123000,129139
2020-08-27,121500,127713
2020-08-28,127500,126289
2020-08-31,125000,131995
2020-09-01,124500,129615
2020-09-02,123500,129139
2020-09-03,122000,128188
2020-09-04,124500,126764
2020-09-07,123500,129139
2020-09-08,121000,128188
2020-09-09,119000,125815
2020-09-10,119500,123919
2020-09-11,121500,124392
2020-09-14,121000,126289
2020-09-15,120500,125815
2020-09-16,120500,125340
2020-09-17,120000,125340
2020-09-18,119500,124866
2020-09-21,116000,124392
2020-09-22,117000,121080
2020-09-23,118000,122026
2020-09-24,117000,122972
2020-09-25,120500,122026
2020-09-28,123500,125340
2020-09-29,124000,128188
2020-10-05,123000,128664
2020-10-06,122500,127713
2020-10-07,123500,127238
2020-10-08,126500,128188
2020-10-12,123500,131042
2020-10-13,121000,128188
2020-10-14,120000,125815
2020-10-15,122000,124866
2020-10-16,128000,126764
2020-10-19,133000,132471
2020-10-20,136000,137245
2020-10-21,135000,140115
2020-10-22,133500,139158
2020-10-23,129000,137723
2020-10-26,125000,133425
2020-10-27,124500,129615
2020-10-28,122500,129139
2020-10-29,118000,127238
2020-10-30,120000,122972
2020-11-02,123500,124866
2020-11-03,123500,128188
2020-11-04,128000,128188
2020-11-05,130000,132471
2020-11-06,130000,134379
2020-11-09,132000,134379
2020-11-10,141000,136289
2020-11-11,136500,144909
2020-11-12,136500,140594
2020-11-13,140500,140594
2020-11-16,136500,144429
2020-11-17,133000,140594
2020-11-18,130500,137245
2020-11-19,132500,134856
2020-11-20,131500,136767
2020-11-23,131500,135811
2020-11-24,131000,135811
2020-11-25,129500,135334
2020-11-26,127500,133902
2020-11-27,125500,131995
2020-11-30,126000,130090
2020-12-01,129000,130566
2020-12-02,128500,133425
2020-12-03,128000,132948
2020-12-04,126000,132471
2020-12-07,126500,130566
2020-12-08,125500,131042
2020-12-09,128000,130090
2020-12-10,132000,132471
2020-12-11,128000,136289
2020-12-14,127500,132471
2020-12-15,127000,131995
2020-12-16,130500,131519
2020-12-17,132500,134856
2020-12-18,137000,136767
2020-12-21,137500,141073
2020-12-22,136500,141552
2020-12-23,138500,140594
2020-12-24,138000,142511
2020-12-28,133500,142031
2020-12-29,135500,137723
2020-12-30,132000,139637
2021-01-04,134500,136289
2021-01-05,134000,138679
2021-01-06,136500,138201
2021-01-07,141000,140594
2021-01-08,135500,144909
2021-01-11,140500,139637
2021-01-12,147500,144429
2021-01-13,151500,151156
2021-01-14,145000,155008
2021-01-15,140500,148752
2021-01-18,145000,144429
2021-01-19,147000,148752
2021-01-20,156000,150675
2021-01-21,152000,159345
2021-01-22,155500,155489
2021-01-25,160500,158863
2021-01-26,158000,163687
2021-01-27,165000,161275
2021-01-28,170000,168030
2021-01-29,164000,172857
2021-02-01,161500,167065
2021-02-02,164500,164652
2021-02-03,161500,167548
2021-02-04,162500,164652
2021-02-05,163000,165617
2021-02-08,165000,166100
2021-02-09,170500,168030
2021-02-10,177500,173340
2021-02-15,174500,180095
2021-02-16,166500,177201
2021-02-17,165500,169478
2021-02-18,163000,168513
2021-02-19,167000,166100
2021-02-22,166500,169961
2021-02-23,159500,169478
2021-02-24,162000,162722
2021-02-25,159000,165134
2021-02-26,159000,162239
2021-03-02,169500,162239
2021-03-03,166000,172375
2021-03-04,168000,168996
2021-03-05,167000,170927
2021-03-08,173500,169961
2021-03-09,171000,176236
2021-03-10,173000,173823
2021-03-11,172500,175753
2021-03-12,174500,175270
2021-03-15,172000,177201
2021-03-16,169500,174788
2021-03-17,174000,172375
2021-03-18,169000,176718
2021-03-19,166000,171892
2021-03-22,161500,168996
2021-03-23,162500,164652
2021-03-24,162500,165617
2021-03-25,163500,165617
2021-03-26,160500,166582
2021-03-29,159000,163687
2021-03-30,158000,162239
2021-03-31,162500,161275
2021-04-01,159500,165617
2021-04-02,159000,162722
2021-04-05,160500,162239
2021-04-06,161000,163687
2021-04-07,159000,164169
2021-04-08,162000,162239
2021-04-09,163500,165134
2021-04-12,162000,166582
2021-04-13,162500,165134
2021-04-14,159500,165617
2021-04-15,159500,162722
2021-04-16,159500,162722
2021-04-19,163000,162722
2021-04-20,158500,166100
2021-04-21,158500,161757
2021-04-22,156500,161757
2021-04-23,156500,159828
2021-04-26,155000,159828
2021-04-27,151500,158381
2021-04-28,149500,155008
2021-04-29,153000,153081
2021-04-30,153000,156453
2021-05-03,158500,156453
2021-05-04,161000,161757
2021-05-06,166000,164169
2021-05-07,177000,168996
2021-05-10,179000,179613
2021-05-11,184500,181541
2021-05-12,180000,186841
2021-05-13,177500,182505
2021-05-14,180500,180095
2021-05-17,182000,182987
2021-05-18,178000,184433
2021-05-20,174000,180577
2021-05-21,173500,176718
2021-05-24,179000,176236
2021-05-25,173000,181541
2021-05-26,175500,175753
2021-05-27,179000,178165
2021-05-28,181500,181541
2021-05-31,184000,183951
2021-06-01,185500,186360
2021-06-02,188500,187804
2021-06-03,183000,190690
2021-06-04,192000,185396
2021-06-07,185500,194053
2021-06-08,185000,187804
2021-06-09,187500,187322
2021-06-10,186000,189728
2021-06-11,185500,188285
2021-06-14,184500,187804
2021-06-15,184000,186841
2021-06-16,181000,186360
2021-06-17,180000,183469
2021-06-18,179500,182505
2021-06-21,178500,182023
2021-06-22,175500,181059
2021-06-23,186000,178165
2021-06-24,185000,188285
2021-06-25,185500,187322
2021-06-28,185500,187804
2021-06-29,179500,187804
2021-06-30,170000,182023
2021-07-01,168000,172857
2021-07-02,167000,170927
2021-07-05,169000,169961
2021-07-06,168000,171892
2021-07-07,168500,170927
2021-07-08,163000,171409
2021-07-09,167000,166100
2021-07-12,169000,169961
2021-07-13,167500,171892
2021-07-14,168500,170444
2021-07-15,168000,171409
2021-07-16,165500,170927
2021-07-19,168000,168513
2021-07-20,166000,170927
2021-07-21,168000,168996
2021-07-22,168500,170927
2021-07-23,164000,171409
2021-07-26,162500,167065
2021-07-27,163000,165617
2021-07-28,163500,166100
2021-07-29,161500,166582
2021-07-30,165000,164652
2021-08-02,166000,168030
2021-08-03,170000,168996
2021-08-04,170000,172857
2021-08-05,174000,172857
2021-08-06,171500,176718
2021-08-09,174000,174305
2021-08-10,174500,176718
2021-08-11,173000,177201
2021-08-12,177000,175753
2021-08-13,173000,179613
2021-08-17,163500,175753
2021-08-18,162000,166582
2021-08-19,159000,165134
2021-08-20,167500,162239
2021-08-23,173000,170444
2021-08-24,175500,175753
2021-08-25,178000,178165
2021-08-26,177000,180577
2021-08-27,181000,179613
2021-08-30,178500,183469
2021-08-31,180500,181059
2021-09-01,183000,182987
2021-09-02,178000,185396
2021-09-03,179500,180577
2021-09-06,179500,182023
2021-09-07,183500,182023
2021-09-08,180000,185878
2021-09-09,181000,182505
2021-09-10,179000,183469
2021-09-13,179000,181541
2021-09-14,179500,181541
2021-09-15,174500,182023
2021-09-16,175000,177201
2021-09-17,171500,177683
2021-09-23,172500,174305
2021-09-24,174500,175270
2021-09-27,173000,177201
2021-09-28,173000,175753
2021-09-29,170500,175753
2021-09-30,171000,173340
2021-10-01,173500,173823
2021-10-05,172500,176236
2021-10-06,179000,175270
2021-10-07,180000,181541
2021-10-08,174000,182505
2021-10-12,174000,176718
2021-10-13,174500,176718
2021-10-14,168000,177201
2021-10-15,169500,170927
2021-10-18,171500,172375
2021-10-19,170500,174305
2021-10-20,169000,173340
2021-10-21,174000,171892
2021-10-22,170500,176718
2021-10-25,168000,173340
2021-10-26,168500,170927
2021-10-27,162500,171409
2021-10-28,161500,165617
2021-10-29,167000,164652
2021-11-01,164500,169961
2021-11-02,167000,167548
2021-11-03,168000,169961
2021-11-04,165500,170927
2021-11-05,169500,168513
2021-11-08,167000,172375
2021-11-09,167500,169961
2021-11-10,162500,170444
2021-11-11,164500,165617
2021-11-12,165500,167548
2021-11-15,163000,168513
2021-11-16,156000,166100
2021-11-17,151000,159345
2021-11-18,151500,154526
2021-11-19,152500,155008
2021-11-22,153500,155971
2021-11-23,153500,156935
2021-11-24,151500,156935
2021-11-25,148500,155008
2021-11-26,147500,152119
2021-11-29,146000,151156
2021-11-30,143500,149713
2021-12-01,150500,147310
2021-12-02,151000,154044
2021-12-03,153500,154526
2021-12-06,153000,156935
2021-12-07,151000,156453
2021-12-08,150500,154526
2021-12-09,151000,154044
2021-12-10,148000,154526
2021-12-13,152000,151638
2021-12-14,152500,155489
2021-12-15,153500,155971
2021-12-16,151500,156935
2021-12-17,148000,155008
2021-12-20,147000,151638
2021-12-21,146000,150675
2021-12-22,147000,149713
2021-12-23,147000,150675
2021-12-24,145500,150675
2021-12-27,150000,149232
2021-12-28,146000,153563
2021-12-29,145500,149713
2021-12-30,143500,149232
2022-01-03,142000,147310
2022-01-04,139500,145869
2022-01-05,141500,143470
2022-01-06,140000,145389
2022-01-07,139000,143949
2022-01-10,137500,142990
2022-01-11,138500,141552
2022-01-12,146000,142511
2022-01-13,144000,149713
2022-01-14,151000,147791
2022-01-17,149000,154526
2022-01-18,159500,152600
2022-01-19,157000,162722
2022-01-20,157000,160310
2022-01-21,153000,160310
2022-01-24,157000,156453
2022-01-25,158000,160310
2022-01-26,155500,161275
2022-01-27,162000,158863
2022-01-28,162500,165134
2022-02-03,167500,165617
2022-02-04,165500,170444
2022-02-07,165500,168513
2022-02-08,164000,168513
2022-02-09,169500,167065
2022-02-10,167500,172375
2022-02-11,165500,170444
2022-02-14,166000,168513
2022-02-15,164000,168996
2022-02-16,167500,167065
2022-02-17,166000,170444
2022-02-18,166000,168996
2022-02-21,162000,168996
2022-02-22,163000,165134
2022-02-23,161500,166100
2022-02-24,165000,164652
2022-02-25,169500,168030
2022-02-28,163000,172375
2022-03-02,165500,166100
2022-03-03,161500,168513
2022-03-04,167500,164652
2022-03-07,170500,170444
2022-03-08,169500,173340
2022-03-10,175000,172375
2022-03-11,171000,177683
2022-03-14,173000,173823
2022-03-15,179000,175753
2022-03-16,175000,181541
2022-03-17,177500,177683
2022-03-18,178000,180095
2022-03-21,179000,180577
2022-03-22,180000,181541
2022-03-23,180000,182505
2022-03-24,181000,182505
2022-03-25,176000,183469
2022-03-28,173000,178648
2022-03-29,173500,175753
2022-03-30,174500,176236
2022-03-31,179500,177201
2022-04-01,179000,182023
2022-04-04,180000,181541
2022-04-05,179500,182505
2022-04-06,178000,182023
2022-04-07,178500,180577
2022-04-08,182000,181059
2022-04-11,178500,184433
2022-04-12,180000,181059
2022-04-13,180500,182505
2022-04-14,179500,182987
2022-04-15,184500,182023
2022-04-18,181500,186841
2022-04-19,182000,183951
2022-04-20,180000,184433
2022-04-21,179500,182505
2022-04-22,183000,182023
2022-04-25,181000,185396
2022-04-26,180000,183469
2022-04-27,181000,182505
2022-04-28,181000,183469
2022-04-29,182000,183469
2022-05-02,187000,184433
2022-05-03,187500,189247
2022-05-04,187500,189728
2022-05-06,187000,189728
2022-05-09,187500,189247
2022-05-10,192000,189728
2022-05-11,195000,194053
2022-05-12,196500,196931
2022-05-13,203000,198369
2022-05-16,193000,204586
2022-05-17,187000,195013
2022-05-18,184000,189247
2022-05-19,186000,186360
2022-05-20,184500,188285
2022-05-23,184500,186841
2022-05-24,194000,186841
2022-05-25,188000,195972
2022-05-26,185500,190209
2022-05-27,185500,187804
2022-05-30,183500,187804
2022-05-31,183500,185878
2022-06-02,182500,185878
2022-06-03,183000,184915
2022-06-07,185000,185396
2022-06-08,184000,187322
2022-06-09,178500,186360
2022-06-10,176000,181059
2022-06-13,174000,178648
2022-06-14,175000,176718
2022-06-15,174500,177683
2022-06-16,174500,177201
2022-06-17,176000,177201
2022-06-20,177000,178648
2022-06-21,174500,179613
2022-06-22,173500,177201
2022-06-23,174500,176236
2022-06-24,177500,177201
2022-06-27,181000,180095
2022-06-28,186000,183469
2022-06-29,189000,188285
2022-06-30,193000,191171
2022-07-01,189000,195013
2022-07-04,189500,191171
2022-07-05,185000,191651
2022-07-06,188000,187322
2022-07-07,189500,190209
2022-07-08,186000,191651
2022-07-11,188500,188285
2022-07-12,184000,190690
2022-07-13,188000,186360
2022-07-14,185500,190209
2022-07-15,188500,187804
2022-07-18,188000,190690
2022-07-19,182500,190209
2022-07-20,185500,184915
2022-07-21,183000,187804
2022-07-22,181000,185396
2022-07-25,184500,183469
2022-07-26,184500,186841
2022-07-27,184000,186841
2022-07-28,181000,186360
2022-07-29,178500,183469
2022-08-01,183500,181059
2022-08-02,184500,185878
2022-08-03,186500,186841
2022-08-04,174000,188766
2022-08-05,174000,176718
2022-08-08,178500,176718
2022-08-09,174000,181059
2022-08-10,169500,176718
2022-08-11,167000,172375
2022-08-12,166500,169961
2022-08-16,166500,169478
2022-08-17,174500,169478
2022-08-18,171500,177201
2022-08-19,169500,174305
2022-08-22,162500,172375
2022-08-23,163000,165617
2022-08-24,163500,166100
2022-08-25,160500,166582
2022-08-26,159000,163687
2022-08-29,160000,162239
2022-08-30,160500,163204
2022-08-31,157500,163687
2022-09-01,156000,160792
2022-09-02,154500,159345
2022-09-05,155500,157899
2022-09-06,157500,158863
2022-09-07,158500,160792
2022-09-08,155500,161757
2022-09-13,159000,158863
2022-09-14,159500,162239
2022-09-15,162500,162722
2022-09-16,164500,165617
2022-09-19,164000,167548
2022-09-20,163500,167065
2022-09-21,164000,166582
2022-09-22,162000,167065
2022-09-23,160000,165134
2022-09-26,163500,163204
2022-09-27,161000,166582
2022-09-28,164000,164169
2022-09-29,165500,167065
2022-09-30,164000,168513
2022-10-04,166000,167065
2022-10-05,165000,168996
2022-10-06,168000,168030
2022-10-07,172000,170927
2022-10-11,171500,174788
2022-10-12,167000,174305
2022-10-13,173500,169961
2022-10-14,173000,176236
2022-10-17,176000,175753
2022-10-18,175000,178648
2022-10-19,176000,177683
2022-10-20,183000,178648
2022-10-21,184000,185396
2022-10-24,181000,186360
2022-10-25,182000,183469
2022-10-26,184000,184433
2022-10-27,184000,186360
2022-10-28,186500,186360
2022-10-31,186000,188766
2022-11-01,183500,188285
2022-11-02,183500,185878
2022-11-03,188000,185878
2022-11-04,186000,190209
2022-11-07,181500,188285
2022-11-08,178500,183951
2022-11-09,178000,181059
2022-11-10,177500,180577
2022-11-11,182500,180095
2022-11-14,190500,184915
2022-11-15,193500,192612
2022-11-16,198000,195493
2022-11-17,195000,199806
2022-11-18,194000,196931
2022-11-21,196500,195972
2022-11-22,200000,198369
2022-11-23,200500,201719
2022-11-24,205500,202197
2022-11-25,200000,206970
2022-11-28,199000,201719
2022-11-29,205500,200763
2022-11-30,196500,206970
2022-12-01,195000,198369
2022-12-02,196000,196931
2022-12-05,207000,197890
2022-12-06,205000,208399
2022-12-07,203500,206493
2022-12-08,205000,205063
2022-12-09,205000,206493
2022-12-12,209000,206493
2022-12-13,209000,210301
2022-12-14,211500,210301
2022-12-15,206500,212676
2022-12-16,212000,207923
2022-12-19,213000,213150
2022-12-20,212500,214098
2022-12-21,209500,213624
